﻿{"cameraMode":{"drawMode":0,"name":"Shaded","section":"Shading Mode"},"sceneLighting":false,"audioPlay":false,"sceneViewState":{"showFog":true,"showMaterialUpdate":false,"showSkybox":false,"showFlares":true,"showImageEffects":true,"showParticleSystems":true},"in2DMode":false,"pivot":{"x":-34.70490264892578,"y":30.82935333251953,"z":83.80908966064453},"rotation":{"x":0.047057557851076129,"y":0.8720508217811585,"z":-0.08556822687387467,"w":0.47958046197891238},"size":4.612566947937012,"orthographic":false}