﻿{"cameraMode":{"drawMode":0,"name":"Shaded","section":"Shading Mode"},"sceneLighting":false,"audioPlay":false,"sceneViewState":{"showFog":true,"showMaterialUpdate":false,"showSkybox":false,"showFlares":true,"showImageEffects":true,"showParticleSystems":true},"in2DMode":false,"pivot":{"x":-21.11063003540039,"y":24.153064727783204,"z":82.61209106445313},"rotation":{"x":0.035856496542692187,"y":0.9599658846855164,"z":-0.14538893103599549,"w":0.23675313591957093},"size":0.03052079677581787,"orthographic":false}