﻿{"cameraMode":{"drawMode":0,"name":"Shaded","section":"Shading Mode"},"sceneLighting":false,"audioPlay":false,"sceneViewState":{"showFog":true,"showMaterialUpdate":false,"showSkybox":false,"showFlares":true,"showImageEffects":true,"showParticleSystems":true},"in2DMode":false,"pivot":{"x":38.59127426147461,"y":14.5,"z":-1.993978500366211},"rotation":{"x":0.047057557851076129,"y":0.8720508217811585,"z":-0.08556822687387467,"w":0.47958046197891238},"size":107.85391235351563,"orthographic":false}