﻿{"cameraMode":{"drawMode":0,"name":"Shaded","section":"Shading Mode"},"sceneLighting":false,"audioPlay":false,"sceneViewState":{"showFog":true,"showMaterialUpdate":false,"showSkybox":false,"showFlares":true,"showImageEffects":true,"showParticleSystems":true},"in2DMode":false,"pivot":{"x":26.59777069091797,"y":21.077369689941408,"z":-0.559220552444458},"rotation":{"x":0.047057557851076129,"y":0.8720508217811585,"z":-0.08556822687387467,"w":0.47958046197891238},"size":19.309600830078126,"orthographic":false}